SNP.ID,Chromosome,Position,37.Pval,37.Beta,Brain_CFU.Pval,Brain_CFU.Beta,CFW.Pval,CFW.Beta,Caffeine.Pval,Caffeine.Beta,Capsule.Pval,Capsule.Beta,Cell_Body.Pval,Cell_Body.Beta,Congo_Red.Pval,Congo_Red.Beta,GM-CSF.Pval,GM-CSF.Beta,IFN-Gamma.Pval,IFN-Gamma.Beta,IL-12p70.Pval,IL-12p70.Beta,IL-13.Pval,IL-13.Beta,IL-18.Pval,IL-18.Beta,IL-1b.Pval,IL-1b.Beta,IL-2.Pval,IL-2.Beta,IL-4.Pval,IL-4.Beta,IL-5.Pval,IL-5.Beta,IL-6.Pval,IL-6.Beta,L-DOPA-30.Pval,L-DOPA-30.Beta,L-DOPA_25.Pval,L-DOPA_25.Beta,Lung_CFU.Pval,Lung_CFU.Beta,NaCl.Pval,NaCl.Beta,Niger_Seed_25.Pval,Niger_Seed_25.Beta,Niger_Seed_30.Pval,Niger_Seed_30.Beta,SDS.Pval,SDS.Beta,TNF-Alpha.Pval,TNF-Alpha.Beta,Titan.Pval,Titan.Beta,Total_Cell.Pval,Total_Cell.Beta,Urease.Pval,Urease.Beta,Virulence_Category.Pval,Virulence_Category.Beta,Virulence_dpi.Pval,Virulence_dpi.Beta,pH-8.15.Pval,pH-8.15.Beta
3_1071924,3,1071924,0.116374759287866,0.803054316743065,5.099259e-01,0.300,0.689755567186244,-0.316471128870245,0.864867685963656,0.123353434256071,0.962190290024965,0.0239169682997473,0.70410973181131,0.323942653474136,0.585347561092988,0.470982952216724,6.417040e-01,0.312,1.089629e-03,0.312,5.247297e-01,0.312,4.403076e-01,0.312,8.222151e-02,0.312,1.231717e-01,0.312,4.225303e-01,0.312,9.246638e-02,0.312,1.660183e-01,0.312,7.378937e-01,0.312,0.701601144582243,0.182970672769547,0.692590553221453,-0.279663526245622,5.206321e-02,0.300,0.851941707739925,-0.0940850064340619,0.428881555189967,0.633431049317263,0.981287305215516,0.0244627504139857,0.20977730904552,0.799804926230748,4.995857e-01,0.312,0.404765854011791,-1.29930992667617,0.47433905740455,-0.492342980027024,0.370708147419712,0.55203544623251,0.193348545924345,0.825443444627921,3.653048e-01,0.300,0.359715007046433,-0.664212560249498
3_1071929,3,1071929,0.116374759287866,0.803054316743065,5.099259e-01,0.300,0.689755567186244,-0.316471128870245,0.864867685963656,0.123353434256071,0.962190290024965,0.0239169682997473,0.70410973181131,0.323942653474136,0.585347561092988,0.470982952216724,6.417040e-01,0.312,1.089629e-03,0.312,5.247297e-01,0.312,4.403076e-01,0.312,8.222151e-02,0.312,1.231717e-01,0.312,4.225303e-01,0.312,9.246638e-02,0.312,1.660183e-01,0.312,7.378937e-01,0.312,0.701601144582243,0.182970672769547,0.692590553221453,-0.279663526245622,5.206321e-02,0.300,0.851941707739925,-0.0940850064340619,0.428881555189967,0.633431049317263,0.981287305215516,0.0244627504139857,0.20977730904552,0.799804926230748,4.995857e-01,0.312,0.404765854011791,-1.29930992667617,0.47433905740455,-0.492342980027024,0.370708147419712,0.55203544623251,0.193348545924345,0.825443444627921,3.653048e-01,0.300,0.359715007046433,-0.664212560249498
6_1160524,6,1160524,0.233708378918623,0.60952154362179,5.288579e-01,0.300,0.309719305894391,-0.756812527754099,0.178710229829972,1.0335212608786,0.929087174226423,-0.0450250337878081,0.727834107797832,0.302850463697971,0.841234144225323,-0.166632246054375,6.158295e-01,0.312,1.295283e-02,0.312,5.247295e-01,0.312,7.915033e-01,0.312,5.625784e-02,0.312,4.657342e-01,0.312,4.226622e-01,0.312,6.330277e-01,0.312,6.328868e-01,0.312,5.974402e-01,0.312,0.904301197645733,0.058650127522252,0.940714281739019,0.0533429308911188,1.217392e-01,0.300,0.55685627818426,-0.298803110447856,0.642449774970058,0.37049125285626,0.447656259703981,-0.813412549887811,0.903314270399583,0.0794698895284585,8.995332e-01,0.312,0.448998170120076,-1.09312578034901,0.384210447575971,-0.611560290764749,0.818482983039819,-0.14935969390661,0.139226287889188,0.945595105644644,3.183350e-01,0.300,0.491359547080644,-0.489753038998372
6_1160528,6,1160528,0.233708378918623,0.60952154362179,5.288579e-01,0.300,0.309719305894391,-0.756812527754099,0.178710229829972,1.0335212608786,0.929087174226423,-0.0450250337878081,0.727834107797832,0.302850463697971,0.841234144225323,-0.166632246054375,6.158295e-01,0.312,1.295283e-02,0.312,5.247295e-01,0.312,7.915033e-01,0.312,5.625784e-02,0.312,4.657342e-01,0.312,4.226622e-01,0.312,6.330277e-01,0.312,6.328868e-01,0.312,5.974402e-01,0.312,0.904301197645733,0.058650127522252,0.940714281739019,0.0533429308911188,1.217392e-01,0.300,0.55685627818426,-0.298803110447856,0.642449774970058,0.37049125285626,0.447656259703981,-0.813412549887811,0.903314270399583,0.0794698895284585,8.995332e-01,0.312,0.448998170120076,-1.09312578034901,0.384210447575971,-0.611560290764749,0.818482983039819,-0.14935969390661,0.139226287889188,0.945595105644644,3.183350e-01,0.300,0.491359547080644,-0.489753038998372
6_1160532,6,1160532,0.233708378918623,0.60952154362179,5.288579e-01,0.300,0.309719305894391,-0.756812527754099,0.178710229829972,1.0335212608786,0.929087174226423,-0.0450250337878081,0.727834107797832,0.302850463697971,0.841234144225323,-0.166632246054375,6.158295e-01,0.312,1.295283e-02,0.312,5.247295e-01,0.312,7.915033e-01,0.312,5.625784e-02,0.312,4.657342e-01,0.312,4.226622e-01,0.312,6.330277e-01,0.312,6.328868e-01,0.312,5.974402e-01,0.312,0.904301197645733,0.058650127522252,0.940714281739019,0.0533429308911188,1.217392e-01,0.300,0.55685627818426,-0.298803110447856,0.642449774970058,0.37049125285626,0.447656259703981,-0.813412549887811,0.903314270399583,0.0794698895284585,8.995332e-01,0.312,0.448998170120076,-1.09312578034901,0.384210447575971,-0.611560290764749,0.818482983039819,-0.14935969390661,0.139226287889188,0.945595105644644,3.183350e-01,0.300,0.491359547080644,-0.489753038998372
14_910742,14,910742,0.539127606846556,-0.341850072232909,2.239017e-01,0.400,0.451095698330959,-0.651182528717355,0.800937106306717,-0.200454410267186,0.977047997385796,-0.0159621417908708,0.506008007198114,0.697081430165228,0.334650334954526,0.938078233787903,5.507316e-01,0.312,6.738930e-01,0.312,5.066366e-01,0.312,7.665712e-02,0.312,5.822672e-01,0.312,4.991688e-01,0.312,5.417786e-01,0.312,2.845364e-01,0.312,3.738229e-01,0.312,8.039325e-01,0.312,0.707630805724179,-0.19302603906402,0.300360379457835,-0.814305927180001,4.873543e-01,0.400,0.108525350871789,-0.859354620214888,0.739735164595512,0.285916871303867,0.751714895420506,0.367716189379059,0.373181641311381,-0.650595664710077,3.405546e-01,0.312,0.387050621541243,1.18831153120718,0.661354672992049,0.326692481846099,0.890437779474489,0.0962860278300277,0.724928152695385,0.25111368951954,6.294106e-01,0.400,0.0860632264029493,-1.27589896286501
14_910822,14,910822,0.374751939824083,-0.532105223202881,1.132630e-01,0.250,0.295314462668338,-0.960839401259287,0.776176632667138,-0.257622730555479,0.845104219648214,0.117107807935412,0.203249327241605,1.35227635149151,0.920618256639148,0.101327016383702,5.845822e-01,0.188,4.171455e-01,0.188,6.024351e-01,0.188,6.218414e-01,0.188,8.464832e-01,0.188,7.802577e-01,0.188,2.172370e-01,0.188,3.975863e-01,0.188,4.961845e-01,0.188,9.736949e-01,0.188,0.065595058624529,-1.03086816103372,0.728253111446887,-0.293183021598118,9.024849e-02,0.250,0.695839201065658,-0.228820597568759,0.721372765385121,-0.332045461659825,0.96793051795264,0.0515395415491243,0.580537583556143,-0.436154764539985,4.611403e-01,0.188,0.185154818988291,1.70531487071197,0.616756704952435,0.402637804416516,0.648190882423298,0.354737812656048,0.602549704673396,-0.39854313654624,6.664454e-01,0.250,0.780714786648794,-0.22385382447512
14_910834,14,910834,0.0769896561841927,-1.22421721413893,1.528987e-02,0.158,0.473623240220679,-0.807073011996961,0.88135323303473,-0.149790071992121,0.853551270752303,-0.125243329111607,0.0993087154929977,1.90043451471347,0.70852794649717,0.442354191608429,8.370503e-01,0.067,7.308199e-01,0.067,7.826762e-01,0.067,5.297778e-01,0.067,9.038659e-01,0.067,8.817975e-01,0.067,7.162722e-01,0.067,1.826540e-01,0.067,3.118511e-01,0.067,3.106836e-01,0.067,0.0459573597224137,-1.31998862417074,0.258763296997518,-1.1115141683385,7.203671e-02,0.158,0.463715417150934,-0.495945653191834,0.767676457695285,0.320346714941096,0.525775689613297,0.965890084642294,0.87878057240779,-0.131034580594572,5.822721e-01,0.067,0.15347912457265,1.78902618263817,0.527552816789107,0.572500358905503,0.737180852858308,0.305244159481129,0.442949016539299,-0.682626240175063,3.001702e-01,0.158,0.84060916334042,0.181725311889316
14_910926,14,910926,0.0484623308673379,-1.10665049180161,2.157135e-01,0.412,0.224653013226304,-1.08449392287523,0.440371679994485,-0.609216660636398,0.937021269400722,-0.0441565577929024,0.53402641994643,0.619197514300202,0.985795603984843,0.0168571455811587,3.368077e-01,0.357,1.391333e-01,0.357,3.831050e-01,0.357,8.431686e-01,0.357,3.360667e-01,0.357,1.733754e-01,0.357,6.500600e-01,0.357,9.216979e-01,0.357,7.367400e-01,0.357,6.079624e-01,0.357,0.820431315033356,-0.118492805554121,0.0332899089970943,-1.66980193532287,2.100912e-01,0.412,0.170124756063938,-0.738586841617393,0.625172576149485,-0.429023026502634,0.812075804620554,0.276285171898522,0.15663055048969,-1.0280399899142,1.821936e-01,0.357,0.233267081353248,1.62854665175594,0.18236781240563,1.00946085224513,0.309056253473779,-0.723434592590439,0.0830746454698088,-1.23813636790989,2.871747e-01,0.412,0.19321676556741,-1.00344016214047
14_910939,14,910939,0.208008035489921,-0.704073833508506,2.788323e-01,0.471,0.831315119278477,-0.180157397795798,0.300822459235795,-0.865663295781683,0.116304853025704,0.901157321426221,0.699453111153538,0.394840125000349,0.658985068963566,0.420875527836935,3.757910e-01,0.429,4.776796e-01,0.429,2.884845e-01,0.429,1.798063e-01,0.429,1.741548e-01,0.429,4.379142e-01,0.429,1.488657e-01,0.429,2.538265e-01,0.429,8.345495e-01,0.429,9.146877e-01,0.429,0.0267259860651475,1.14546528017059,0.128954632606462,-1.18503937941967,6.696227e-01,0.471,0.712604997435519,-0.198824891961332,0.575844477688012,0.496812482523055,0.0810458737597866,2.08532990889534,0.265736202847234,0.830084775030658,1.184153e-01,0.429,0.345017531946441,1.45024849630063,0.0984164580178594,1.2442067689616,0.343808340808108,-0.671662840917526,0.979438948914579,-0.0184066582691416,5.764548e-01,0.471,0.8309985039325,-0.163217607990846
14_910964,14,910964,0.156336678595067,0.690068770395776,2.577817e-01,0.474,0.231714699406989,0.916362208113008,0.487459787581612,0.493327842319305,0.410771464350379,-0.391733561537758,0.148188906310142,1.20345388940515,0.196311893554735,1.05463365539593,2.069546e-01,0.467,1.303111e-01,0.467,1.956331e-01,0.467,9.468466e-02,0.467,2.053505e-01,0.467,7.886677e-01,0.467,3.698862e-01,0.467,5.143675e-01,0.467,6.686517e-01,0.467,7.320296e-01,0.467,0.890064888764173,0.0622552741838839,0.95565109068529,0.037508515259749,2.397068e-01,0.474,0.607240505207482,0.249968535351822,0.0498254811975621,1.4634107176922,0.749251254409684,-0.319436605304878,0.975275911759128,0.01906994962297,2.724282e-01,0.467,0.303350528144989,1.29757080474115,0.783958756749063,-0.179998625869501,0.550364021890187,-0.365268932807189,0.116924170749949,0.954057042038162,1.783702e-01,0.474,0.471548813234399,0.484804332945488
14_910966,14,910966,0.227522946411269,-0.56998808710181,3.072158e-01,0.500,0.186361557758628,-0.979777884362845,0.337604734166795,-0.664767817591285,0.453149615262316,0.348722682231709,0.179038941579738,-1.10002817952707,0.228871264904616,-0.952089684697954,2.806300e-01,0.500,1.883214e-01,0.500,2.670640e-01,0.500,1.527578e-01,0.500,2.633636e-01,0.500,8.978892e-01,0.500,3.898137e-01,0.500,6.687935e-01,0.500,6.313287e-01,0.500,6.695817e-01,0.500,0.727005185099417,-0.152792348247061,0.8112284364849,-0.156650835395217,3.569216e-01,0.500,0.506115622405591,-0.311310118228906,0.0392339002162986,-1.49768515426095,0.837175350454112,0.200192320087242,0.949052653058541,0.0385372672980401,3.580464e-01,0.500,0.32517735136699,-1.21555480595654,0.760606903049498,0.19473729667828,0.452489543630872,0.447987866528512,0.139870133750698,-0.873519818225152,1.631379e-01,0.500,0.470044053097359,-0.476847762112495
14_910979,14,910979,0.0620751485182904,1.03864872955561,4.116864e-01,0.389,0.145693824155096,1.20221824056253,0.60751493355219,0.434914037573296,0.0354042188968691,-1.21086417266672,0.841769013072062,0.202728525721015,0.791542419882135,0.245741525431177,2.268190e-01,0.400,3.115455e-01,0.400,1.583915e-01,0.400,8.408897e-01,0.400,1.462305e-01,0.400,7.546932e-01,0.400,3.972295e-01,0.400,7.532710e-01,0.400,1.697619e-01,0.400,5.904793e-01,0.400,0.932983903251216,-0.043439296012422,0.923927948183735,-0.0743368655132745,5.324227e-01,0.389,0.0729191406831491,0.979521262068413,0.796084528741188,0.226501851925457,0.624790474405011,-0.577138902712109,0.401996875185432,-0.657696013730821,2.317265e-01,0.400,0.502419506590003,-1.17905079574533,0.0697554937365178,-1.36861714275085,0.786194355867041,0.193936062927575,0.957586620960876,-0.0378086036422352,9.613978e-01,0.389,0.124357720671744,1.17677424801273
14_911099,14,911099,0.0525858538445164,-1.09260910691283,3.730600e-01,0.444,0.212912625001172,-1.10035090820342,0.641462525560222,-0.385181219171672,0.477373251594001,0.40987705077982,0.46434658128706,-0.75214798859118,0.161356619356938,-1.3666594082455,1.869468e-01,0.429,1.697291e-01,0.429,1.882977e-01,0.429,1.914748e-01,0.429,8.017126e-01,0.429,8.711006e-01,0.429,3.576632e-01,0.429,6.952983e-01,0.429,1.327505e-01,0.429,4.590880e-01,0.429,0.120312481387832,0.817234989596212,0.441858032198171,-0.609654633866025,6.232594e-01,0.444,0.127954348348472,-0.842394653671023,0.413310589758706,-0.729769146117816,0.114601276235937,1.89053425102964,0.414715979026918,-0.604536017661961,2.031805e-01,0.429,0.319956912749739,-1.56208378022098,0.816373525873628,0.175770390959751,0.62349294140552,-0.346004413156204,0.354525860542476,-0.665686130508663,4.674036e-01,0.444,0.331237453845608,-0.724218465428913
14_911129,14,911129,0.13479562944918,-0.862999536311687,4.372441e-01,0.389,0.481060967728426,-0.571990347847257,0.673705978014836,0.382926005634201,0.253670227780068,0.681350668826188,0.748671962113418,0.321620006130395,0.383178702653038,-0.816476954417512,2.199223e-01,0.438,3.924386e-01,0.438,2.304278e-01,0.438,4.309194e-01,0.438,3.277285e-01,0.438,3.740358e-01,0.438,9.041212e-01,0.438,9.357774e-01,0.438,3.576414e-02,0.438,2.438622e-01,0.438,0.179582121782861,0.718133404289188,0.90168387598143,-0.099360833284986,5.576922e-01,0.389,0.598270277651492,-0.297703392074658,0.191862170985424,-1.21158226075892,0.767634037225261,0.360408684446896,0.674972302160686,-0.328115827390903,6.570995e-01,0.438,0.378651663856089,-1.54325950655123,0.446479433877432,0.598292225865505,0.0936384120697242,-1.2318821607657,0.465883299424616,0.529608213335888,4.916299e-01,0.389,0.806220289301895,-0.186283097261667
14_911206,14,911206,0.66705578882977,-0.218809765960148,8.576527e-01,0.316,0.302630501923387,-0.779605872510015,0.70185659755848,0.300340397362494,0.838218582987939,0.108280796465296,0.317508404200907,0.914560887372577,0.362601318264641,-0.771226056842913,4.585487e-01,0.250,8.069667e-01,0.250,5.904429e-01,0.250,5.191889e-02,0.250,1.664793e-01,0.250,7.932541e-01,0.250,4.125695e-01,0.250,1.672798e-01,0.250,9.007077e-01,0.250,6.976432e-01,0.250,0.333422998725179,0.458717732394187,0.395739935858533,-0.620331973364485,9.642092e-01,0.316,0.906836099742742,0.0588976951130144,0.448112164877696,0.615733086121411,0.128083039822565,1.63371929611025,0.172063708691505,-0.997385745382455,8.799849e-01,0.250,0.884513030960968,0.239270410126807,0.821029918432188,-0.15779876549759,0.619990170589027,-0.321345729347965,0.538013279192735,-0.399591441069128,5.451133e-01,0.316,0.647575407397079,0.308649766089191
14_911262,14,911262,0.584879137828083,-0.431247738206492,9.451651e-01,0.111,0.672844516000751,-0.458959175273947,0.512155564880527,0.811804237844438,0.695228587466683,0.331301462751604,0.0908199903143338,2.07948292118403,0.571785910242403,-0.680633025277622,6.290637e-01,0.125,6.872088e-01,0.125,7.492656e-01,0.125,2.358368e-01,0.125,1.004856e-02,0.125,2.097614e-01,0.125,7.938254e-01,0.125,3.772667e-01,0.125,6.688575e-01,0.125,7.023031e-01,0.125,0.345920430001852,0.689510457391327,0.719770367428,-0.393111099657005,8.738423e-01,0.111,0.982245583050229,-0.0170176964638221,0.388390153754383,1.18621829521987,0.447969538840463,1.28494515072805,0.47109256652296,-0.847383538801281,3.355548e-01,0.125,0.782375766798442,0.911912361683606,0.870298079892594,0.180554666339064,0.225305181610746,-1.26234597902275,0.42817033252513,0.790979360320838,4.884569e-01,0.111,0.569736684295892,0.648513297022432
14_911292,14,911292,0.854752689625446,0.130276165913762,5.112236e-01,0.158,0.588817016801175,-0.532775762732915,0.55853695398429,-0.603965263205052,0.704516125658208,0.28511342305232,0.493864527171084,-0.915921613225441,0.528648747026027,-0.706678614396054,6.416793e-01,0.200,2.079860e-01,0.200,6.066232e-01,0.200,4.018305e-01,0.200,9.648476e-01,0.200,7.637264e-01,0.200,6.499146e-01,0.200,1.124246e-01,0.200,2.650888e-01,0.200,6.887011e-01,0.200,0.519909387900326,-0.422584030570066,0.598431460143976,-0.529622923503637,2.603691e-01,0.158,0.36003233628446,-0.626463593757075,0.544668567117318,0.688568540097403,0.612845680103236,-0.738302807872293,0.589681001242064,0.536499226715879,2.964129e-01,0.200,0.744332321516493,-0.813588743847899,0.885892923388817,-0.142940683872997,0.274157784441997,0.963605528273313,0.897741547325125,-0.114755212110231,6.882733e-01,0.158,0.630881479766277,0.4643190141829
14_911297,14,911297,0.902091570479602,0.0887201728497663,8.160455e-01,0.176,0.498817332896256,-0.679327084425938,0.418394850830651,-0.847739986001183,0.606482875146847,0.392708778156255,0.954607444797641,0.0782707322798431,0.595145940840245,-0.608185795863818,6.047745e-01,0.214,1.550091e-01,0.214,5.835283e-01,0.214,3.327124e-01,0.214,6.710777e-01,0.214,9.861546e-01,0.214,6.006233e-01,0.214,9.433043e-02,0.214,3.009763e-01,0.214,7.714861e-01,0.214,0.472530165827305,-0.478299661830935,0.356519304610106,-0.940839557022022,2.471400e-01,0.176,0.337893527864815,-0.664851483562675,0.464516845572923,0.839855611011139,0.659323485006028,-0.653705750965077,0.539213246061059,0.620311628701446,4.220891e-01,0.214,0.772799801262361,0.72695457044169,0.847021604925701,0.19430984586695,0.372198830279494,0.796771477916488,0.973143079494424,0.0305304341696279,6.863450e-01,0.176,0.504691870291608,0.650846207080882
14_911308,14,911308,0.920395218547726,0.0835912922608195,8.758573e-01,0.105,0.23434345733453,1.48062882443802,0.833829477569632,0.263076388648416,0.738734506220777,0.304481691675836,0.796892063582958,-0.394290891918579,0.590184996201619,0.738721929889108,7.988127e-01,0.125,4.486811e-02,0.125,7.053023e-01,0.125,8.074056e-01,0.125,7.737585e-01,0.125,6.876309e-01,0.125,9.043024e-01,0.125,3.295089e-01,0.125,4.659648e-01,0.125,8.195649e-01,0.125,0.405365746879231,-0.65571352428271,0.677744381268278,-0.486169752320642,6.363379e-01,0.105,0.927298308941758,-0.0741103568333942,0.445767945589541,1.10038918009833,0.405034596850927,-1.4621221343818,0.238122257734669,1.36737076352167,4.490504e-01,0.125,0.747896200792225,1.1119741215755,0.954626140399762,-0.0672874682916677,0.44054437882197,0.82453728877561,0.274262608111453,1.16497550873977,4.201875e-01,0.105,0.368056058947541,1.04694874596521
14_911314,14,911314,0.877513340032107,0.129362206537314,6.361078e-01,0.100,0.236997270313275,1.47659434440112,0.734879782246612,0.425485435104936,0.793617998842927,0.239451545142793,0.586451766616463,-0.836196014221913,0.692641287488241,0.543752094475037,7.988127e-01,0.125,4.486811e-02,0.125,7.053023e-01,0.125,8.074056e-01,0.125,7.737585e-01,0.125,6.876309e-01,0.125,9.043024e-01,0.125,3.295089e-01,0.125,4.659648e-01,0.125,8.195649e-01,0.125,0.461676445593257,-0.582287678446697,0.80103120706346,-0.295815996685427,5.772365e-01,0.100,0.901834951690333,-0.100473962412476,0.494608180917385,0.988567181880657,0.386945610720662,-1.52292137791021,0.275882299462845,1.26450553596043,4.490504e-01,0.125,0.8431462564537,-0.69101486270008,0.787389438239961,-0.320081081040866,0.400169706048131,0.901319656223123,0.277061787347208,1.16119547345096,3.922809e-01,0.100,0.408289797639326,0.96932347837443
14_911321,14,911321,0.803871576896462,0.181532066198137,6.098880e-01,0.150,0.906666186393949,0.120346910747614,0.926596115535193,0.104523230051493,0.613828923299774,0.391268676917073,0.220791441427751,1.46066823201349,0.810855889748401,-0.278768530005894,6.740582e-01,0.188,1.292954e-02,0.188,6.683525e-01,0.188,4.668840e-01,0.188,5.841031e-03,0.188,7.410192e-02,0.188,8.716657e-01,0.188,2.712530e-01,0.188,8.594731e-01,0.188,4.517146e-01,0.188,0.835698346455755,-0.141327243400768,0.355562945304175,-0.93494058219084,1.733600e-01,0.150,0.500990659984599,-0.4764719785846,0.473029977882467,0.893085638975273,0.59163532803009,-0.825433162151216,0.548231167181438,0.609586804699381,6.263339e-01,0.188,0.808596976811017,-0.733433234521189,0.979681774827435,-0.0257195950342097,0.948522739223055,0.05926032516841,0.0571834020541448,1.74258960175278,2.107059e-01,0.150,0.314458507847485,1.02349586752495
14_911352,14,911352,0.239690857472149,-0.568348934802469,9.317938e-01,0.500,0.751503375236684,0.232432058402366,0.121759510440338,1.12892865485364,0.818186845402862,0.111848738788926,0.474353103550355,-0.621441634535223,0.159861620280464,1.15918098298969,1.234949e-01,0.400,2.899405e-01,0.400,1.182442e-01,0.400,7.066672e-01,0.400,2.688625e-01,0.400,4.725011e-01,0.400,8.811876e-01,0.400,7.492365e-01,0.400,1.623249e-01,0.400,3.890632e-01,0.400,0.450270804115393,0.338328426796797,0.600313773449388,0.357610109086145,2.360783e-01,0.500,0.349808998872548,0.443714930589586,0.641254973488193,0.352922393461298,0.112654840779724,1.58894404109709,0.624576460371772,0.314134356300609,6.126890e-01,0.400,0.900612893725332,0.17666677888928,0.691142661365544,0.261901245097087,0.522853832021287,-0.387596430951633,0.567056220671901,-0.348785665726581,8.086956e-01,0.500,0.305448944030168,-0.658678409132728
